batch_num,worker_id,lesson_id,status,duration,api_key,error
1,1,ps101_01,success,67.2267279624939,fc-306d2f3389f741c28...,
1,2,ps101_02,success,30.315475940704346,fc-65539f45d6cd4209a...,
1,3,ps101_03,success,53.52111792564392,fc-a56c1c23588a409eb...,
